{
  "project_info": {
    "project_number": "434722100018",
    "project_id": "moviehouse-6330e",
    "storage_bucket": "moviehouse-6330e.appspot.com"
  },
  "client": [
    {
      "client_info": {
        "mobilesdk_app_id": "1:434722100018:android:29fa7fed8578f5f4b33d2b",
        "android_client_info": {
          "package_name": "com.moviehouse.download"
        }
      },
      "oauth_client": [
        {
          "client_id": "434722100018-86li2ie79np4pfamsqmhadeggpqe2ml8.apps.googleusercontent.com",
          "client_type": 1,
          "android_info": {
            "package_name": "com.moviehouse.download",
            "certificate_hash": "c62ea20c43a928222d612d1b06ae76a48363d02c"
          }
        },
        {
          "client_id": "434722100018-kma0p5r73sldhtejtpdfkni3mv7m7ns3.apps.googleusercontent.com",
          "client_type": 3
        }
      ],
      "api_key": [
        {
          "current_key": "AIzaSyB9GG1dHx-eoi9lhsmdRpQ28xscM9FyVCQ"
        }
      ],
      "services": {
        "appinvite_service": {
          "other_platform_oauth_client": [
            {
              "client_id": "434722100018-kma0p5r73sldhtejtpdfkni3mv7m7ns3.apps.googleusercontent.com",
              "client_type": 3
            }
          ]
        }
      }
    }
  ],
  "configuration_version": "1"
}